Количество на 100г продукта:,"Жиры, г",Ккал
Арахис,45.2,552
Арахис жареный,52.0,626
Горох лущеный,1.6,299
Горох отварной,0.8,130
Горох отварной с копченой грудинкой,5.7,156
"Горох, зерно",2.0,298
Горошек зеленый,0.2,55
"Горошек зеленый, консервы",0.2,40
Горчица,30.8,474
Грецкий орех,60.8,656
Каштаны,2.0,213
Кедровые орехи,68.0,673
Кешью,48.5,600
Кунжут,48.7,565
Лещина,62.6,653
Мак,47.5,556
Миндаль,53.7,609
Миндаль жареный,55.9,642
Мука соевая  необезжиренная,18.6,385
Мука соевая  обезжиренная,1.0,291
Мука соевая  полуобезжиренная,9.5,334
Оливки (мякоть),23.7,296
"Оливки, консервы",16.3,175
Подсолнечник,52.9,601
Рапс (низкоэруковый),43.6,544
Семечки подсолнечника,51.0,584
Сладкий попкорн,13.0,431
Соленый попкорн,30.0,527
"Соя, зерно",17.3,364
Суп с бобовыми (фасоль),1.3,54
Тыквенные семечки,42.0,500
"Фасоль  стручковая, консервы",0.1,16
Фасоль (стручок),0.3,23
"Фасоль, зерно",2.0,298
Фисташки,44.0,557
Фундук,61.5,651
Фундук жареный,66.1,703
"Чечевица, зерно",1.5,295
Жир бараний топленый,99.7,897
Жир говяжий топленый,99.6,896
Жир из печени трески,99.8,898
Жир кондитерский  твердый,99.8,898
Жир кондитерский для шоколадных изделий,99.7,897
Жир костный топленый,99.7,897
Жир кулинарный «Белорусский»,99.7,897
Жир кулинарный «Восточный»,99.7,897
Жир кулинарный «Новинка»,99.7,897
Жир кулинарный «Украинский»,99.7,897
Жир куриный,99.7,897
Жир свиной топленый,99.6,896
Майонез  «Провансаль»,67.0,629
Майонез столовый молочный,67.0,627
Маргарин  низкокалорийный  60% жирности,60.0,545
Маргарин «Здоровье»,82.0,743
Маргарин «Экстра»,82.0,744
Маргарин молочный столовый,82.0,743
Маргарин сливочный,82.0,743
Масло  сладко-сливочное «Бутербродное»,61.5,566
Масло  сладко-сливочное «Вологодское»,82.5,748
Масло  сладко-сливочное несоленое,82.5,748
Масло  сладко-сливочное несоленое «Любительское»,78.0,709
Масло  сладко-сливочное соленое «Любительское»,77.0,700
Масло арахисовое,99.9,899
Масло горчичное,99.8,898
Масло какао,99.9,899
Масло какаовелла,99.8,898
Масло канолы,99.9,899
Масло кокосовое,99.9,899
Масло конопляное,99.9,899
Масло кукурузное,99.9,899
Масло кунжутное,99.9,899
Масло льняное,99.8,898
Масло оливковое,99.8,898
Масло пальмовое,99.9,899
Масло подсолнечное,99.9,899
Масло рапсовое,99.9,899
Масло сливочное несоленое «Крестьянское»,72.5,661
Масло сливочное соленое «Крестьянское»,71.5,647
Масло соевое,99.9,899
Масло топленое,99.0,892
Шпик свиной,92.8,841
Шпик свиной соленый,90.0,816
Баранки простые из муки 1 сорта,1.3,311
Баранки сдобные из муки высшего сорта,8.0,348
Батон нарезной  из муки высшего сорта,2.9,262
Батон нарезной из муки 1 сорта,3.0,259
Батон простой из муки 1 сорта,1.0,238
Биточки перловые  с творогом,6.4,166
Биточки пшенные,5.9,170
Блины из муки 1 сорта,3.1,189
Бублики простые из муки 1 сорта,1.1,276
Булка ярославская из муки 1 сорта,5.3,294
Булки городские из муки высшего сорта,2.4,265
Булочка повышенной калорийности из муки 1 сорта,10.0,337
Булочки молочные  из муки высшего сорта,2.2,257
Булочки сдобные из муки высшего сорта,9.4,339
Булочки столичная с молочной сывороткой  из муки высшего сорта,2.2,269
Булочки столичные из муки высшего сорта,2.2,269
Вареники из муки 1 сорта,6.4,172
Ватрушка из муки высшего сорта,6.4,256
Галеты из муки 1 сорта,1.4,345
Галеты из муки высшего сорта,10.2,393
Галушки из муки 1 сорта,1.0,106
Жареный рис,5.5,151
Запеканка рисовая,5.6,144
Запеканка рисовая с творогом,7.1,189
Зерно мягкой пшеницы,2.2,305
"Зерно продовольственное, гречиха",3.2,296
"Зерно продовольственное, кукуруза",4.9,325
"Зерно продовольственное, овес",6.2,316
"Зерно продовольственное, просо",3.9,298
"Зерно продовольственное, рис",2.6,303
"Зерно продовольственное, рожь",2.2,283
"Зерно продовольственное, ячмень",2.4,288
Зерно твердой пшеницы,2.5,304
Каша гречневая  из крупы ядрица,3.4,101
Каша из хлопьев «Геркулес» овсяная,4.0,105
Каша манная вязкая,2.9,100
Каша овсяная,4.1,109
Каша перловая,3.5,135
Каша пшеничная рассыпчатая из крупы «Полтавская»,3.6,153
Каша пшенная,3.4,109
Каша рисовая,3.5,144
Каша ячневая,2.9,96
Клецки из муки высшего сорта,4.1,131
Котлеты манные,5.3,141
Крахмал кукурузный,0.6,343
Крекеры с отрубями,14.1,416
Крупа «Артек»,1.2,329
Крупа «Полтавская»,1.3,329
Крупа гречневая продел,2.3,300
Крупа гречневая ядрица,3.3,308
Крупа кукурузная,1.2,328
Крупа манная,1.0,333
Крупа овсяная,6.1,342
Крупа перловая ячневая,1.1,315
Крупа пшено шлифованное,3.3,342
Крупа рисовая,1.0,333
Крупа ячневая,1.3,313
Крупеник гречневый,8.8,199
Кулебяка с рыбой и рисом из муки высшего сорта,4.1,206
Кус-кус,0.2,111
Лапша домашняя,3.7,322
Лапшевник с творогом,7.4,180
Макароны из муки 1 сорта из зерна твердой пшеницы,1.6,333
Макароны из муки в/с,1.3,338
Макароны отварные,0.4,98
Макароны отварные  с жиром,5.0,135
Макароны яичные,2.1,342
"Макароны, запеченные  с яйцом",8.3,152
Мука 1 сорта из зерна твердой пшеницы,1.5,329
Мука 1 сорта из муки высшего сорта,1.3,330
Мука 2 сорта из муки 1 сорта,1.8,322
Мука высшего сорта,1.3,334
Мука высшего сорта из зерна мягкой пшеницы,1.1,334
Мука диетическая гречневая,1.2,353
Мука диетическая овсяная,6.8,369
Мука диетическая рисовая,0.6,356
Мука кукурузная,1.5,331
Мука обдирная ржаная,1.7,298
Мука обойная из муки 2 сорта,2.2,312
Мука обойная ржаная,1.9,294
Мука сеяная ржаная,1.4,305
Овсяная каша на молоке,3.0,84
Оладьи из муки 1 сорта,6.6,213
Отварной белый рис,0.5,116
Отварной дикий рис,0.3,100
Отварной коричневый рис,0.9,110
Пампушки с чесноком из муки 1 сорта,3.3,299
Печенье затяжное из муки 1 сорта,9.1,396
Печенье затяжное из муки высшего сорта,11.3,414
Печенье миндальное из муки высшего сорта,13.6,422
Печенье сахарное из муки 1 сорта,9.4,407
Печенье сахарное из муки высшего сорта,9.8,417
Печенье сдобное из муки высшего сорта,16.8,451
Пирожки жареные  с капустой из муки 1 сорта,10.5,230
Пирожки печеные простые из муки 1 сорта,7.3,250
Пластинки из цельно- молотой пшеницы,2.4,342
Пряники заварные из муки высшего сорта,4.7,366
Пряники сырцовые из муки высшего сорта,2.1,346
Пудинг рисовый,5.7,202
Рожки к чаю  из муки высшего сорта,5.6,312
Сдоба обыкновенная из муки 1 сорта,5.3,301
Семя льна,42.2,534
Соломка сладкая из муки 1 сорта,6.1,372
Суп  харчо с мясом и рисом,4.5,75
Суп перловый с грибами,1.2,43
Суп пшенный с мясом,2.2,57
Суп рисовый,1.1,38
Суп-пюре из рисовой крупы,1.3,48
Сухари армейские (из обойной ржаной  муки),2.0,294
Сухари армейские из муки 1 сорта,1.4,330
Сухари армейские из муки 2 сорта,1.9,323
Сухари армейские из обойной муки,2.3,304
Сухари сливочные из муки высшего сорта,10.8,399
Сушки простые из муки 1 сорта,1.3,331
Сушки простые из муки высшего сорта,1.2,339
Толокно овсяное,6.0,363
Хлеб бородинский (мука ржаная обойная и пшеничная 2 сорта),1.3,201
Хлеб зерновой  (мука в/с и зерно дробленое),1.4,228
Хлеб паляница из муки 1 сорта,1.0,243
Хлеб подовый  (из обдирной  ржаной муки),1.2,197
Хлеб подовый  (из сеяной ржаной муки),1.0,210
Хлеб подовый из муки 2 сорта,1.3,228
Хлеб подовый из обойной муки,1.5,208
Хлеб пшеничный  подовый из муки 1 сорта,1.0,235
Хлеб пшеничный формовой из муки высшего сорта,0.8,235
Хлеб рижский (мука ржаная сеяная и пшеничная 1 сорта),1.1,232
Хлеб соловецкий  (мука 1 и 2 сорта),1.2,237
Хлеб украинский (мука ржаная обдирная и пшеничная обойная),1.2,198
Хлеб формовой  (из обойной ржаной  муки),1.2,174
Хлебцы докторские (мука в/с и отруби пшеничные),2.6,242
Хлопья «Геркулес» овсяные,6.2,352
Агар,0.0,12
Вафли  с жировыми начинками,30.6,542
Вафли  с фруктово-ягодными начинками,3.3,354
Глазурь жировая,37.2,547
Глазурь шоколадная,34.5,542
Драже сахарное,0.0,393
"Зeфир,  глазированный  шоколадом",12.3,396
Зефир,0.1,326
Ирис полутвердый,7.6,408
Ирис тираженный  с орехом,15.9,443
Какао велла,4.5,147
Какао тертое,49.4,559
Какао-порошок,15.0,289
Карамель глазированная,0.8,378
Карамель леденцовая,0.0,384
Карамель с молочной начинкой,1.0,377
Карамель с фруктово-ягодной начинкой,0.1,371
Карамель с шоколадно-ореховой начинкой,8.0,427
Конфеты помадные,16.2,445
Конфеты шоколадные,26.3,491
"Конфеты, глазированные шоколадом, с грильяжными корпусами ",22.0,489
"Конфеты, глазированные шоколадом, с желейными корпусами",8.2,359
"Конфеты, глазированные шоколадом, с корпусами пралине",30.8,533
"Конфеты, глазированные шоколадом, с корпусами пралине  со слоями вафель",31.0,533
"Конфеты, глазированные шоколадом, с кремово-сбивными корпусами",25.8,463
"Конфеты, глазированные шоколадом, с помадными корпусами ",7.2,399
"Конфеты, глазированные шоколадом, со сбивными корпусами ",15.5,413
Крахмал картофельный,0.0,313
Крахмал кукурузный,0.6,343
"Мармелад  фруктово-ягодный, глазированный шоколадом",9.2,349
Мармелад желейный,0.0,321
Мед пчелиный,0.0,328
Мука из зародышей пшеницы,7.7,335
Пастила,0.0,324
"Пастила, глазированная шоколадом",12.0,402
Патока кукурузная,0.3,316
Пектин,0.0,52
Пирожное бисквитное  с белковым кремом,7.3,336
Пирожное вафельное молочное,36.7,572
Пирожное воздушное  с кремом,20.8,440
Пирожное заварное  с кремом (трубочка),24.5,433
Пирожное крошковое,19.4,388
Пирожное миндальное,16.2,433
Пирожное песочное  с кремом,28.2,485
Пирожное слоеное  с белковым кремом,26.0,461
Плитки кондитерские,34.6,537
Плитки кондитерские сладкие,34.2,552
Повидло морковное,0.4,282
Подварка апельсиновая,0.1,268
Подварка кабачковая,0.1,272
Подварка морковная,0.4,271
Подварка свекольная,0.1,269
Пралине с ржаной мукой,37.7,567
"Пралине с соевой мукой (*раффинозы и стахиозы менее 0,3%)",32.2,535
Рожь молотая жареная,1.7,322
Ром-баба,4.2,291
"Рулет бисквитный (производства ""Рошен"")",16.3,380
Сахар-песок,0.0,387
Сахар-рафинад,0.0,400
Сироп из шиповника,0.0,285
Торт бисквитный  с фруктовой начинкой,2.6,285
Торт миндальный,28.7,468
Торт слоеный,37.7,542
Фосфатидный концентрат соевый,93.7,843
Халва тахинно-арахисовая,29.2,502
Халва тахинно-шоколадная,28.1,498
Цукаты морковные,0.2,300
Чурчхела,15.0,410
Шикозин,99.6,897
Шоколад  молочно-ореховый,33.9,542
Шоколад  молочно-ореховый с изюмом,30.3,500
Шоколад горький,35.4,539
Шоколад молочный,34.7,554
Шоколад ореховый,33.8,534
Шоколад полугорький,35.4,549
Шоколад сладкий,34.0,550
Шоколад сливочный,35.5,560
Шоколадная паста,30.6,536
"Cливки пастеризованные 20,0% жирности",20.0,207
"Ацидофилин 1,0% жирности",1.0,40
"Ацидофилин 3,2% жирности",3.2,59
Ацидофилин нежирный,0.1,31
"Ацидофилин сладкий 3,2% жирности",3.2,77
Бри,66.0,802
"Варенец 2,5% жирности",2.5,53
Гауда,27.0,356
Дор Блю,29.0,353
"Йогурт  плодово-ягодный, 1,5% жирности",1.5,90
"Йогурт  сладкий 3,2% жирности",3.2,87
"Йогурт  сладкий 6,0% жирности",6.0,112
"Йогурт 1,5% жирности",1.5,57
"Йогурт 3,2% жирности",3.2,68
"Йогурт 6,0% жирности",6.0,92
Какао со сгущенным молоком и сахаром,7.5,321
Камамбер,24.0,300
"Кефир  1,0% жирности",1.0,40
Кефир  нежирный,0.1,31
"Кефир 2,5% жирности",2.5,53
"Кефир 3,2% жирности",3.2,59
Кофе натуральный со сгущенным  молоком и сахаром,8.6,324
"Крем творожный с ванилином 5,0% жирности",5.0,167
Кумыс  из кобыльего молока,1.9,50
"Кумыс  из коровьего молока,  нежирный",0.1,41
"Масса творожная сладкая """"Московская"""" с ванилином 20,0% жирности",20.0,287
"Масса творожная сладкая """"Особая"""" с изюмом 23,0% жирности",23.0,345
"Молоко  пастеризованное 3,5% жирности",3.5,62
"Молоко  пастеризованное,  1,5% жирности",1.5,45
"Молоко  пастеризованное, 2,5% жирности",2.5,54
Молоко  сгущенное стерилизованное нежирное,0.2,71
"Молоко  стерилизованное 3,2% жирности",3.2,60
"Молоко  стерилизованное 3,5% жирности",3.5,63
"Молоко  стерилизованное,  1,5% жирности",1.5,45
"Молоко  стерилизованное, 2,5% жирности",2.5,54
"Молоко  стерилизованное, «Можайское»  3,0% жирности",3.0,58
Молоко  топленое  нежирное,0.1,32
"Молоко  топленое 4,0% жирности",4.0,67
Молоко «Дружба» сгущенное  с сахаром,2.5,271
Молоко «Славянское» сгущенное  с сахаром нежирное,0.2,261
Молоко белковое,1.0,52
"Молоко пастеризованное 3,2% жирности",3.2,60
Молоко пастеризованное нежирное,0.1,32
Молоко сгущенное  с сахаром нежирное,0.2,259
"Молоко сгущенное с сахаром 8,5% жирности",8.5,328
"Молоко сгущенное с сахаром,  5,0% жирности",5.0,295
"Молоко сгущенное стерилизованное 7,8% жирности",7.8,138
"Молоко сухое """"Смоленское"""" 15,0% жирности",15.0,432
Молоко сухое нежирное,1.0,362
"Молоко сухое цельное 25,0% жирности",25.0,483
"Молоко топленое  1,0% жирности",1.0,40
Молочное мороженое,3.5,132
Мороженое молочное в шоколадной глазури,15.0,231
Мороженое молочное крем-брюле,3.5,138
Мороженое молочное с плодами и ягодами,2.8,124
Мороженое молочное шоколадное,3.7,133
Мороженое пломбир,15.0,232
Мороженое пломбир в шоколадной глазури,24.0,310
Мороженое пломбир крем-брюле,15.0,240
Мороженое пломбир с плодами и ягодами,12.0,206
Мороженое пломбир шоколадный,15.0,231
Мороженое сливочное,10.0,183
Мороженое сливочное в шоколадной глазури,20.0,271
Мороженое сливочное крем-брюле,10.0,191
Мороженое сливочное с плодами и ягодами,8.0,166
Мороженое сливочное шоколадное,10.0,185
Моцарелла,22.0,300
"Напиток  «Снежок» 2,5% жирности",2.5,79
"Напиток  «Снежок», плодово-ягодный 1,0% жирности",1.0,69
"Напиток  «Юбилейный»,  1,0% жирности",1.0,40
"Напиток  «Юбилейный»,  2,5% жирности",2.5,53
"Напиток  «Юбилейный», плодово-ягодный, 2,5% жирности",2.5,84
"Напиток  плодово-ягодный, 1,0% жирности",1.0,71
"Напиток кисломолочный, «Бифидин» 2,5% жирности",2.5,61
Пармезан тертый,29.0,431
"Паста  ацидофильная, сладкая 8,0% жирности",8.0,203
"Паста  ацидофильная, сладкая, нежирная",0.2,81
Паста  молочная белковая,0.2,57
"Паста ацидофильная 4,0% жирности",4.0,143
Пахта  «Идеал» пастеризованная,1.0,41
"Пахта  «Идеал», сквашенная",1.0,40
"Продукт кисломолочный «Тонус»  2,5% жирности",2.5,53
"Простокваша  цитрусовая,  1,0% жирности",1.0,63
"Простокваша 1,0% жирности",1.0,40
"Простокваша 2,5% жирности",2.5,53
"Простокваша 3,2% жирности",3.2,59
"Простокваша «Мечниковская» 4,0% жирности",4.0,66
"Простокваша «Цитрусовая» 2,5% жирности",2.5,76
Простокваша нежирная,0.1,30
Пудинг из творога (творог п/жирный),9.6,224
Рикотта,13.0,174
"Ряженка 1,0% жирности",1.0,40
"Ряженка 2,5% жирности",2.5,54
"Ряженка 4,0% жирности",4.0,67
"Ряженка 6,0% жирности",6.0,85
"Сливки  пастеризованные 10,0% жирности",10.0,119
"Сливки  пастеризованные 8,0% жирности",8.0,102
"Сливки  стерилизованные 10,0% жирности",10.0,119
"Сливки пастеризованные 35,0% жирности",35.0,337
"Сливки сгущеные с сахаром 19,0% жирности",19.0,392
"Сливки стерилизованные 25,0% жирности",25.0,251
"Сливки сухие 42,0% жирности",42.0,577
"Сметана 10,0% жирности",10.0,119
"Сметана 15,0% жирности",15.0,162
"Сметана 20,0% жирности",20.0,206
"Сметана 25,0% жирности",25.0,250
"Сметана 30,0% жирности",30.0,293
"Сметана «Домашняя» 10,0% жирности",10.0,130
Суп молочный  с макаронами,1.9,58
Суп молочный  с рисом,1.9,54
Суп молочный  с тыквой  и манной крупой,2.2,50
Суп молочный с белокочанной капустой,2.0,54
"Сыр домашний 4,0% жирности",4.0,113
Сыр домашний нежирный,0.6,86
Сыр плавленый «Золушка»,10.8,254
Сыр плавленый «Костромской»,19.2,269
Сыр плавленый «Медовый»,16.5,291
Сыр плавленый «Мятный»,19.1,335
Сыр плавленый «Российский»,23.0,300
Сыр плавленый «Сказка»,18.0,316
Сыр плавленый «Сластена»,11.4,269
Сыр плавленый копченый «Колбасный»,19.4,275
Сыр сычужный мягкий «Адыгейский»,19.8,264
Сыр сычужный мягкий «Рокфор»,27.5,335
Сыр сычужный мягкий «Русский камамбер»,28.8,324
Сыр сычужный полутвердый «Литовский»,14.7,250
Сыр сычужный полутвердый «Прибалтийский»,9.0,207
Сыр сычужный рассольный «Брынза» из коровьего молока,19.2,262
Сыр сычужный рассольный «Брынза» из овечьего молока,18.8,260
Сыр сычужный рассольный «Сулугуни»,22.0,286
Сыр сычужный твердый  «Голландский» (круглый),30.4,375
Сыр сычужный твердый «Бийский»,29.9,371
Сыр сычужный твердый «Голландский» (брусковый),26.6,350
Сыр сычужный твердый «Костромской»,26.1,343
Сыр сычужный твердый «Латвийский»,24.1,316
Сыр сычужный твердый «Пошехонский»,26.1,344
Сыр сычужный твердый «Российский»,29.5,364
Сыр сычужный твердый «Советский»,31.1,385
Сыр сычужный твердый «Сусанинский»,23.9,315
Сыр сычужный твердый «Угличский»,26.3,347
Сыр сычужный твердый «Чеддер»,30.8,380
Сыр сычужный твердый «Швейцарский»,31.6,391
Сыр сычужный твердый «Ярославский»,26.6,350
"Сырки глазированные с ванилином 10,9% жирности",10.9,270
"Сырки глазированные с ванилином 27,7% жирности",27.7,413
"Сырки и масса  творожная «Цитрон» сладкие,  8,0% жирности",8.0,181
"Сырки и масса творожная сладкая с ванилином 16,5% жирности",16.5,283
"Сырки творожные детские 23,0% жирности",23.0,319
Сырники из творога (творог нежирный),3.6,183
Сырники из творога и картофеля,7.7,180
Сырники с морковью,11.5,232
"Творог  «Столовый» 2,0% жирности",2.0,114
"Творог  мягкий диетический 4,0% жирности",4.0,136
"Творог  мягкий диетический, нежирный",0.6,110
"Творог  мягкий диетический, нежирный плодово-ягодный",0.5,138
Творог  нежирный,0.6,110
"Творог  полужирный 9,0% жирности",9.0,169
"Творог «Крестьянский» 5,0% жирности",5.0,145
"Творог жирный 18,0% жирности",18.0,236
"Творог мягкий диетический 11,0% жирности",11.0,178
"Творог мягкий диетический, плодово-ягодный, 4,0% жирности",4.0,164
Творожная масса с изюмом,21.6,343
Тильзитер,26.0,340
Фета,21.0,264
Чеддер,33.0,403
Эдам,28.0,357
«Армавирская» полукопченая колбаса,40.1,423
«Брауншвейгская» сырокопченая колбаса,42.2,491
«Говяжья» вареная колбаса,11.7,165
«Диетическая» вареная колбаса,13.5,170
«Докторская» вареная колбаса,22.2,257
«Дорожная» сырокопченая колбаса,47.7,498
«Зеленоградская» с мясом утки вареная колбаса,12.1,187
«Зернистая» сырокопченая колбаса,62.8,606
«Любительская» вареная колбаса,28.0,301
«Любительская» варено-копченая колбаса,39.0,420
«Молочная» вареная колбаса,22.8,252
«Молочные» сосиски,23.9,261
«Московская» варено-копченая колбаса,36.6,406
«Одесская» полукопченая колбаса,38.1,402
«Олимпийская» сырокопченая колбаса,39.1,436
«Отдельная» вареная колбаса,11.0,240
«Охотничьи» полукопченые колбаски,40.0,463
«Подмосковная» с куриным мясом вареная колбаса,11.6,180
«Русская» вареная колбаса,11.0,302
«Русские» сосиски,22.0,250
«Свиная» вареная колбаса,25.8,277
«Свиная» сырокопченая колбаса,57.0,566
«Сервелат» сырокопченая колбаса,40.5,461
«Столичные» сосиски,20.3,234
«Столовая» вареная колбаса,20.2,234
«Таллинская» полукопченая колбаса,33.8,373
«Телячья» вареная колбаса,28.3,308
«Чайная» вареная колбаса,18.4,216
Азу из говядины,4.0,103
Антрекот из говядины,11.2,220
Баранина  жареная по 1-396,19.4,264
Баранина  отварная по 1-392,17.4,244
Баранина  тушеная по 1-422,12.7,170
Баранина 1 кат.,16.3,209
Баранина 2 кат.,9.6,166
Баранина сырая,24.4,314
Бедро курицы без кожи сырое,10.8,207
Бедро курицы с кожей сырое,15.4,245
Белое мясо индейки сырое,2.0,115
Бефстроганов из говядины,11.3,193
Биточки  паровые из говядины,10.8,192
Биточки  паровые из мяса кур,7.2,176
Биточки  с рисом из говядины,5.5,144
Бифштекс  из говядины с яйцом,20.8,275
Бифштекс из говядины,11.2,216
Бифштекс из говядины рубленый,25.6,306
Бройлеры  (цыплята) 1 кат.,16.1,220
Бройлеры  (цыплята) 2 кат.,11.2,180
Бутерброд  с «любительской» вареной колбасой,14.3,220
Бутерброд  с отварной говядиной,3.7,122
Вареная колбаса «Для завтрака»,13.9,187
Вареники ленивые отварные,7.0,173
Говядина  жареная,6.0,168
Говядина  отварная,16.8,254
Говядина  тушеная,5.4,116
Говядина 1 кат.,16.0,218
Говядина 2 кат.,9.8,168
Говяжий фарш сырой,20.0,254
Говяжий язык отварной,15.0,231
Говяжье сердце тушеное в соусе,6.3,113
Говяжьи сардельки,18.2,215
Говяжьи сосиски,20.1,226
Голень куриная без кожи сырая,5.6,171
Голень куриная с кожей сырая,11.1,214
Голубцы говяжьи,4.9,111
Грудинка свиная сырая,45.0,458
Грудинка свиная сырая,45.0,458
Грудинка свинины копчено-запеченная,52.7,514
Грудинка свинины сырокопченая,63.3,605
Грудка курицы без кожи сырая,3.5,164
Грудка курицы с кожей сырая,7.7,195
Гуси 1 кат.,39.0,412
Гуси 2 кат.,27.7,317
Диабетическая вареная колбаса,22.8,254
Духовая говядина,3.8,104
Жаркое  по-домашнему из говядины,4.0,108
Желудок курицы сырой,2.0,94
Зразы  рубленые из говядины,15.7,244
Индейка  жареная,20.7,280
Индейка  отварная,19.8,273
Индейка целиком сырая,7.0,187
Индейки 1 кат.,22.0,276
Индейки 2 кат.,12.0,194
Кожа курицы сырая,40.3,450
Конина 1 кат.,9.9,167
Конина 2 кат.,4.1,121
Консервы «Завтрак туриста» из баранины,15.2,210
Консервы «Завтрак туриста» из говядины,14.9,217
Консервы «Завтрак туриста» из свинины,31.0,347
Консервы «Паштет мясной» из говядины,23.3,275
Консервы «Паштет печеночный»,28.1,301
Консервы из бараньего гуляша,15.6,213
Консервы из говядины в белом соусе,14.8,220
Консервы из говяжьего гуляша,14.3,212
Консервы из говяжьего языка в желе,13.6,212
Консервы из жирной свинины,48.9,486
Консервы из колбасного куриного фарша,15.6,200
Консервы из курицы в собственном соку,9.9,183
Консервы из особой ветчины,6.2,126
Консервы из отварной говядины в собственном соку,16.9,214
Консервы из свиного гуляша,29.4,333
Консервы из свиного сосисочного фарша,20.4,244
Консервы из тушеной баранины,13.4,191
Консервы из тушеной говядины,17.0,220
Консервы из тушеной свинины,32.2,349
Консервы из утки в собственном соку,17.5,223
Корейка  свинины копчено-запеченная,48.2,475
Корейка свинины сырокопченая,47.4,469
Котлета свиная сырая,13.4,238
Котлеты  из индейки,12.2,220
Котлеты  куриные,10.4,222
Котлеты  отбивные из баранины,30.6,394
Котлеты  отбивные из свинины,40.3,470
Котлеты  рубленые из баранины,14.8,240
Котлеты  рубленые из говядины,11.4,213
Котлеты  рубленые из мяса цыплят,13.6,238
Котлеты  рубленые из свинины,45.7,466
Красное мясо индейки сырое,4.0,125
Кролик  жареный,12.7,241
Кролик  отварной,10.4,194
Кролик сырой,8.4,205
Крыло индейки с кожей сырое,12.0,197
Крыло курицы без кожи сырое,8.1,201
Крыло курицы с кожей сырое,19.3,288
Куриная грудка без кожи,3.5,164
Курица  жареная,15.3,259
Курица  отварная,17.0,244
Курица  тушеная с овощами,7.1,125
Курица гриль,0.0,237
Куры 1 кат.,18.4,238
Куры 2 кат.,8.2,159
Мозги говяжьи,8.6,127
Мозги свиные,8.6,119
Мякоть говядины сырая,19.6,289
Мясо кролика,11.0,183
Ножка индейки с кожей сырая,7.0,144
Окорок бараний сырой,13.0,195
Окорок свинины  тамбовский вареный,25.6,288
Окорок свиной сырой,21.0,263
Окрошка  мясная из говядины на кефире,1.1,39
Окрошка мясная из говядины со сметаной,1.7,52
Оладьи  из говяжьей печени,14.2,230
Оленина 1 кат.,8.5,155
Отбивная свиная сырая,14.6,250
Паштет  из говяжьей печени,11.1,177
Пельмени  жареные,22.5,303
Пельмени  отварные,13.9,219
Печень говяжья,3.7,127
Печень говяжья  жареная,10.2,208
Печень говяжья  тушеная в соусе,9.2,159
Печень говяжья сырая,4.0,135
Печень курицы сырая,5.0,116
Печень свиная,3.8,109
Пирожки  печеные с мясным фаршем и луком,5.7,245
Поджарка из баранины,35.1,409
Поджарка из говядины,13.6,237
Поджарка из свинины,49.3,524
Поросенок  жареный,4.5,147
Поросята,3.0,109
Почки говяжьи,2.8,86
Почки говяжьи жареные  в соусе,6.1,122
Почки говяжьи по-русски,3.3,96
Почки говяжьи тушеные,5.5,109
Почки свиные,3.6,92
Рагу  из баранины,10.1,152
Рагу  из индейки,7.9,131
Рагу  из кролика,6.1,123
Рагу  из кур,8.0,131
Рагу  из утки,13.5,186
Рагу  из цыплят,7.1,125
Расстегаи  с мясом и луком,6.4,254
Ребра свиные сырые,24.0,282
Ромштекс из говядины,11.3,237
Салат  с курицей,9.9,137
Салат мясной говяжий,18.8,219
Сало свиное сырое,89.0,812
Сардельки  говяжьи  отварные,18.2,215
Сардельки 1 сорта,17.2,202
Свинина  жареная,26.2,314
Свинина  отварная,31.5,373
Свинина  тушеная,20.4,235
Свинина беконная,27.8,318
Свинина жирная,49.3,491
Свинина мясная,33.3,357
Свиные сардельки,31.6,322
Сердце говяжье,3.5,96
Сердце курицы сырое,9.0,153
Сердце свиное,4.0,101
Солянка  сборная мясная с говядиной,2.8,39
Сосиски  говяжьи отварные,20.0,225
Спинка курицы с кожей сырая,20.8,298
Стейк из говядины сырой,13.2,237
Телятина 1 кат.,2.0,97
Телятина 2 кат.,0.9,89
Тефтели из говядины,9.1,150
Утка  жареная,34.9,407
Утка  отварная,34.6,385
Утка  фаршированная картофелем,10.9,169
Утки 1 кат.,38.0,405
Утки 2 кат.,24.2,287
Фарш бараний сырой,23.0,282
Фарш свиной сырой,21.0,263
Фрикадельки куриные,6.5,163
Цыплята  жареные,18.3,261
Цыплята  жареные  табака,20.2,281
Цыплята  отварные,13.6,211
Шея куриная с кожей сырая,17.9,245
Шницель  рубленый из говядины,24.9,331
Шницель из свинины отбивной,32.2,403
Шницель из свинины рубленый,42.5,473
Шницель отбивной из баранины,23.2,333
Эскалоп из свинины,32.3,363
Язык говяжий,12.1,173
Язык свиной,16.0,208
«Боржоми»,0.0,0
«Ессентуки № 4»,0.0,0
«Нарзан»,0.0,0
Вина десертные,0.0,172
Вина крепкие,0.0,163
Вина ликерные,0.0,212
Вина полудесертные,0.0,140
Вина полусладкие белые и красные (в т. ч. шампанское),0.0,88
Вина полусухие белые и красные (в т. ч. шампанское),0.0,78
Вина сладкие белые и красные (в т. ч. шампанское),0.0,100
Вина сухие  белые и красные  (в т. ч. шампанское),0.0,64
Вино безалкогольное,0.0,6
"Вино белое ""Мускат""",0.0,82
"Вино белое ""Рислинг""",0.0,80
"Вино белое ""Савиньон""",0.0,81
"Вино красное ""Бургундское""",0.0,86
"Вино красное ""Каберне Савиньон""",0.0,83
"Вино красное ""Мерло""",0.0,83
"Вино красное ""Пино Нуар""",0.0,82
Виски,0.0,87
Вода,0.0,0
Водка,0.0,231
Зеленый чай,0.0,1
Какао без молока,1.0,55
Какао с заменителем сахара,0.0,29
Квас хлебный,0.0,27
Кисель из  вишневого сока,0.0,78
Кисель из  сливового варенья,0.0,63
Кисель из  сушеных яблок,0.0,66
Кисель из клюквы,0.0,53
Кисель из кураги,0.0,54
Кисель из яблок,0.1,97
Коктейль  персиковый,1.9,98
"Компoт  из черешни, консервы",0.2,87
Компот  из абрикосов,0.0,56
"Компот  из абрикосов, консервы",0.0,89
Компот  из крыжовника и  черной смородины,0.1,58
"Компот  из персиков, консервы",0.0,88
"Компот  из яблок, консервы",0.2,93
Компот  персиковый,0.0,88
Компот  черешневый,0.1,58
Компот  яблочный,0.1,55
Компот вишневый,0.1,57
Компот грушевый,0.1,55
Компот из айвы,0.1,56
"Компот из айвы, консервы",0.3,82
"Компот из вишни, консервы",0.3,101
"Компот из груш, консервы",0.2,74
Коньяк ординарный «три звездочки»,0.0,239
Кофе жареный  в зернах,14.4,331
Кофе на  сгущенном молоке,0.9,55
Кофе на молоке,1.0,58
Кофе растворимый черный,0.0,1
Кофе со сливками и ликером,16.0,327
Кофе черный (без сахара),0.5,7
Кофе эспрессо,0.0,2
Кофе эспрессо без кофеина,0.0,0
Ликер вишневый,0.0,299
Наливка «Сливянка»,0.0,215
Напиток  апельсиновый,0.0,53
Напиток  клюквенный,0.0,51
Напиток  яблочный,0.1,54
Напиток Coca-cola классический,0.0,44
Напиток из плодов  шиповника,0.1,50
Напиток на плодово-ягодных настоях,0.0,46
Напиток на цитрусовых настоях,0.0,33
"Напиток на эссенциях (Coca-Cola, Pepsi, «Байкал» и др.)",0.0,38
"Напиток яблочно­ морковный, консервы",0.0,68
"Напиток яблочно­абрикосовый, консервы",0.0,58
"Напиток яблочно­виноградный, консервы",0.0,52
Настойка горькая «Русский сувенир»,0.0,248
Пиво светлое,0.0,29
"Пиво светлое,  с долей сухих в-в в исходном сусле 11%",0.0,42
"Пиво светлое,  с долей сухих в-в в исходном сусле 20%",0.0,75
Пиво темное,0.0,43
"Пиво темное,  с долей сухих в-в в исходном сусле 13%",0.0,48
"Пиво темное, с долей сухих в-в в исходном сусле 20%",0.0,74
Сладкий вермут,0.0,160
Сок абрикосовый,0.0,55
Сок айвовый,0.1,51
Сок ананасовый,0.1,52
Сок ананасовый без сахара,0.0,53
Сок апельсиновый,0.1,60
Сок виноградный,0.2,70
Сок вишневый,0.2,51
Сок гранатовый,0.1,56
Сок грейпфрутовый,0.1,38
Сок грейпфрутовый белый без сахара,0.0,39
Сок грейпфрутовый белый с сахаром,0.0,46
Сок грейпфрутовый розовый без сахара,0.0,39
Сок из смеси овощей,0.0,19
Сок клюквенный без сахара,0.0,46
Сок лимонный,0.0,33
Сок лимонный без сахара,0.0,25
Сок мандариновый,0.0,45
Сок морковный,0.1,56
Сок персиковый,0.0,68
Сок свекольный,0.0,61
Сок сливовый,0.1,68
Сок томатный,0.1,18
Сок томатный с солью,0.0,17
Сок черничный,1.0,38
Сок черноплодно­рябиновый,0.1,50
Сок черносмородиновый,0.0,41
Сок шиповниковый,0.2,67
Сок яблочный,0.1,46
Холодный чай Lipton с лимоном,0.0,35
Холодный чай Nestea с лимоном,0.0,36
Чай ромашковый,0.0,1
Чай с лимоном,0.0,28
Чай с молоком,0.8,43
Чай с сахаром,0.0,28
Чай травяной,0.0,1
"Чай черный без сахара, лимона и молока",0.0,1
"Яблоки в сиропе, консервы",0.1,48
Авокадо,15.0,160
Базилик,0.0,23
Баклажаны,0.1,24
"Баклажаны, фаршированные овощами",4.5,83
Белокочанная капуста,0.1,28
Борщ,1.0,29
Борщ из свежей капусты и картофеля,1.1,36
Борщ летний,1.2,38
Борщ с картофелем,1.1,42
Борщ украинский,2.2,50
Брокколи,0.4,34
Брокколи смесь Hortex,0.3,23
Брюква,0.1,37
Брюква припущенная,1.6,54
Брюссельская,0.3,35
Брюссельская капуста,0.3,43
Ватрушки картофельные,7.6,165
Вешенки,0.0,43
Голубцы овощные,5.2,95
Грибы белые,1.7,34
Грибы белые сушеные,14.3,286
Грибы жареные (сушеные),24.4,270
Грибы жареные в сметанном соусе,14.5,172
Грибы жареные с картофелем,5.2,114
Грибы лисички,1.0,19
Грибы опята,1.2,22
Грибы подберезовики,0.8,20
Грибы подосиновики,0.5,22
Грибы сыроежки,0.7,19
Грибы шампиньоны,1.0,27
"Грибы, запеченные  в сметанном соусе",16.6,188
"Грибы, тушенные  с картофелем",6.4,117
Драники  картофельные,4.5,127
Запеканка  капустная,5.2,114
Запеканка из тыквы,6.1,137
Запеканка картофельная  с овощами,5.9,136
Запеканка морковная,5.0,128
Зразы картофельные,6.4,152
"Икра из баклажанов, консервы",13.3,148
"Икра из кабачков, консервы",8.9,119
Икра кабачковая,4.7,78
Икра свекольная,6.8,119
Имбирь свежий,1.0,80
Кабачки,0.3,24
Кабачки жареные,5.9,88
Кабачки запеченные,10.0,140
Кабачки припущенные,1.8,39
"Кабачки, тушенные  в сметане",4.7,69
"Кабачки, фаршированные овощами",10.5,130
Капуста  квашеная,0.1,23
Капуста жареная,2.8,50
Капуста запеченная,8.0,113
Капуста отварная,0.1,24
Капуста припущенная,1.5,37
Капуста тушеная,3.3,75
Капуста цветная жареная,3.1,47
Капуста цветная отварная,0.2,22
Картофель,0.4,77
Картофель отварной,0.4,75
Картофель сушеный,0.3,317
"Картофель,  жаренный брусочками",9.6,192
"Картофель,  жаренный ломтиками  (из отварного)",8.6,161
"Картофель,  тушенный с грибами",7.7,134
"Картофель, жаренный  во фритюре",15.5,276
"Картофель, запеченный  с яйцом",14.5,228
"Картофель, запеченный в сметанном соусе",5.3,114
Каша из тыквы,1.7,87
Китайская капуста,0.2,13
Кольраби,0.1,44
Котлеты капустные,8.2,153
Котлеты картофельные,4.7,142
Котлеты картофельные с творогом,9.7,179
"Котлеты картофельные, запеченные",6.9,139
Котлеты морковные,6.7,152
Котлеты свекольные,8.1,187
Краснокочанная,0.2,26
Краснокочанная капуста,0.2,31
Кресс-салат,0.1,11
Кукуруза сладкая,1.0,86
Латук,0.1,14
Лук жареный,13.5,251
Лук зеленый  (перо),0.1,20
Лук маринованный,4.7,79
Лук порей,0.2,36
Лук репка,0.2,41
Луковичный флорентийский фенхель,0.2,16
Майоран сушеный,7.0,271
Мангольд,0.2,19
Морковь,0.1,35
Морковь отварная,0.1,33
Морковь припущенная,1.6,52
Морковь тушеная  с рисом,5.0,122
Морская капуста,0.2,5
Огурцы (грунтовые),0.1,14
Огурцы (парниковые),0.1,11
Огурцы соленые,0.1,13
Окрошка овощная,0.8,39
Оладьи из тыквы,7.0,158
Пастернак (корень),0.5,47
Патиссон,0.1,34
Патиссон,0.0,16
Перец сладкий,0.1,26
"Перец,  фаршированный овощами",5.9,100
Петрушка,0.4,49
Петрушка (корень),0.6,51
Печеное таро,0.3,144
Пирожки картофельные с морковью,4.2,124
Помидоры,0.0,20
"Помидоры без кожицы, консервы",0.0,12
Помидоры жареные,4.7,73
"Помидоры с кожицей, консервы",0.1,20
"Помидоры,  фаршированные с рисом и морковью",4.9,91
"Помидоры, фаршированные яйцом и луком",6.2,83
Портобелло,0.0,26
Пудинг из тыквы,3.2,92
Пудинг морковный,4.1,106
Пюре из моркови,5.6,90
Пюре из тыквы,6.2,88
Пюре картофельное,0.8,75
Рагу овощное,4.5,91
Рассольник домашний,1.0,36
Ревень,0.1,16
Редис,0.1,20
Редька с маслом,7.0,96
Редька черная,0.2,36
Репа,0.1,32
Репа припущенная,1.5,45
Салат,0.2,16
Салат  из свежих огурцов,4.0,52
Салат зеленый,4.1,54
Салат зеленый  с огурцами,4.1,52
Салат из  квашеной капусты,4.9,76
Салат из зеленого лука,4.0,56
Салат из капусты белокочанной,5.0,69
Салат из моркови,2.0,67
Салат из редиса,5.0,67
Салат из свежих помидоров,4.1,59
Салат из свежих помидоров и  огурцов,4.1,57
Салат из свежих помидоров с перцем,4.7,66
Салат из свеклы  с сыром и чесноком,14.2,178
Салат из соленых огурцов с луком,5.0,61
"Салат из цветной капусты, помидоров и зелени",8.7,108
Салат картофельный с огурцами,3.2,71
Свекла,0.1,42
Свекла отварная,0.1,48
Свекла тушеная,3.0,75
"Свекла, тушенная  с яблоками",3.9,84
Свекольник холодный,0.2,30
Сельдерей,0.1,13
Сельдерей (корень),0.3,34
Сельдерей (стебли),0.0,42
Соленая окра,0.1,29
Солянка грибная,1.2,18
Соус томатный острый,0.0,99
Спаржа,0.1,21
Суп картофельный,1.2,45
Суп картофельный с перловой крупой,1.1,37
Суп-пюре  из шпината,2.0,42
Суп-пюре из  картофеля,2.0,58
Суп-пюре из моркови,1.8,39
Суфле морковное,12.9,189
"Томатная паста, консервы",0.0,102
"Томатное пюре, консервы",0.0,66
Томаты  (грунтовые),0.2,24
Топинамбур,0.1,61
Турнепс,0.0,28
Тыква,0.1,22
Тыква жареная,5.7,86
Тыква маринованная,0.1,42
Тыква отварная,0.1,26
Тыква припущенная,1.7,40
Укроп,0.5,40
Хрен,0.4,59
Цветная капуста,0.3,30
Цикорий,0.3,19
Цуккини,0.0,16
Чеснок,0.5,149
Шиитаке сушеные,1.0,296
Шницель из капусты,6.4,118
Шпинат,0.3,23
"Шпинат-пюре, консервы",0.1,16
Щавель,0.3,22
Щи  из квашеной капусты,1.0,19
Щи из свежей капусты,1.1,24
Щи из щавеля,3.5,48
Щи суточные,1.0,19
Винный уксус (3%),0.0,9
Горчица столовая,5.3,143
Дрожжи прессованные,2.7,109
Желатин,0.4,355
Заправка для салата,23.3,235
Маринад овощной без томата,9.1,134
Отруби пшеничные,3.8,165
Порошок горчичный,11.1,378
Соль поваренная пищевая,0.0,0
Соус белый основной,4.1,56
Соус грибной,6.2,82
Соус клюквенный,0.0,51
Соус красный основной,2.0,48
Соус луковый,4.8,75
Соус майонез  со сметаной,31.9,312
Соус молочный,5.2,84
Соус польский,6.1,78
Соус с хреном,0.1,27
Соус сметанный,5.2,78
Соус томатный,4.5,80
Соус черносмородиновый,0.1,275
Балык осетровый холодного копчения,12.5,194
Бутербод с соленой горбушей,2.7,110
Бутерброд  с килькой и яйцом,6.9,151
Бутерброд  с сельдью,6.7,144
Бутерброд с зернистой икрой кеты,3.9,117
Бутерброд с икрой осетровой зернистой,3.5,112
Вобла,2.8,95
Вобла холодного копчения,6.3,181
Галки из трески,1.1,87
Горбуша,6.5,140
"Горбуша в томатном соусе, консервы",6.0,130
"Горбуша натуральная, консервы",5.8,136
Горбуша отварная,7.3,152
Горбуша соленая,9.0,169
Зразы из судака,7.4,164
Зразы из хека,5.6,140
Зубатка жареная,11.5,209
Зубатка отварная,5.1,122
Зубатка пестрая,5.3,126
"Зубатка, запеченная в сметанном соусе",8.8,137
Икра белужья зернистая,13.8,235
Икра горбуши зернистая,11.5,230
Икра кеты зернистая,13.2,249
Икра минтаевая пробойная,1.8,132
Икра осетровая зернистая,9.3,200
Икра осетровая паюсная,14.5,289
Икра севрюжья зернистая,11.7,221
Кальмар (мясо),2.2,100
Камбала дальневосточная,3.0,90
"Камбала обжаренная в масле, консервы",21.8,254
Каракатица свежая,1.0,79
Карась,1.8,87
Карп,5.3,112
Карп жареный,10.5,181
Кета,5.6,127
"Кета натуральная, консервы",4.8,129
Кета соленая,9.6,184
Кефаль свежая,4.0,117
Кижуч,6.0,140
Килька балтийская,9.0,137
Килька балтийская  горячего копчения,8.5,162
Килька балтийская соленая,7.6,137
Килька каспийская,13.1,192
Килька соленая с картофелем и маслом,12.2,192
Килька соленая с луком и маслом,13.8,169
Китовое мясо,3.2,119
Корюшка свежая,2.0,97
Котлеты из трески,5.9,164
Краб камчатский (мясо),1.0,82
"Крабы  натуральные, консервы",1.1,85
Креветка антарктическая (мясо) варено-мороженая,1.6,98
"Креветка антарктическая натуральная, консервы",1.1,82
Креветка дальневосточная (мясо),1.2,87
Креветки свежие,2.0,106
Лещ,4.4,105
"Лещ в томатном соусе, консервы",5.1,124
Лещ вяленый,5.9,221
Лещ горячего копчения,4.5,172
Лещ холодного копчения,4.6,160
Лосось атлантический (семга),8.1,153
Лягушачьи лапки свежие,0.0,73
Макрель свежая,14.0,205
Масляная рыба свежая,8.0,146
Мидии,2.0,77
Минтай,0.9,72
Минтай  припущенный,1.1,75
Мойва весенняя,7.1,116
Мойва осенняя,18.1,217
Морской гребешок свежий,1.0,88
Мясо ластоногих,1.7,113
Мясо черепахи свежее,0.0,89
Навага,1.6,91
Навага  жареная,8.3,169
Нерка красная,8.4,157
"Нерка натуральная, консервы",10.5,171
Окунь горячего копчения,8.0,166
Окунь жареный,9.1,180
Окунь запеченный,4.7,103
Окунь морской,3.3,103
Окунь морской отварной,3.6,112
Окунь морской тушеный,6.6,120
Окунь морской филе свежее,2.0,97
Окунь припущенный,3.5,109
Окунь речной,0.9,82
Окунь фаршированный,6.1,130
"Осетр в томатном соусе, консервы",11.8,164
Осетр жаренный во фритюре,17.4,273
Осетр каспийский,10.9,164
Осетр отварной,12.0,179
Осетр припущенный,11.9,179
Осетр свежий,4.0,105
Осьминог свежий,1.0,82
Палтус белокорый,3.0,103
Палтус свежий,2.0,110
Пеламида,14.2,217
"Печень трески, консервы",65.7,613
Пикша,0.5,73
Путассу,0.9,82
"Раки морские (лангуст, омар)",1.3,89
Раки морские вареные,0.7,90
Раки речные,1.0,76
Раки речные вареные,1.3,97
Сазан,2.7,97
"Сазан в томатном соусе, консервы",8.7,143
Сайда свежая,2.0,178
Салака,6.3,125
Салака  горячего копчения,5.6,152
Салат рыбный из окуня,15.7,182
Севрюга,10.3,160
"Севрюга в томатном соусе, консервы",11.4,178
Севрюга припущенная,11.2,173
Сельдь  атлантическая жирная,19.5,248
Сельдь  атлантическая нежирная,6.5,135
Сельдь  тихоокеанская нежирная,7.0,135
Сельдь  тихоокеанская среднесоленая,17.1,224
Сельдь атлантическая среднесоленая,8.5,145
Сельдь рубленая,9.7,136
Сельдь с луком,8.3,125
Сельдь тихоокеанская жирная,15.0,191
Семга свежая,13.0,208
Семга соленая потрошенная с головой,12.5,202
Сибасс свежий,2.0,97
Сиг свежий,6.0,134
Скумбрия  атлантическая,13.2,191
Скумбрия  дальневосточная,18.0,239
"Скумбрия  курильская натуральная, консервы",19.2,248
"Скумбрия  натуральная, консервы",14.4,200
Скумбрия  холодного копчения,6.4,150
"Скумбрия в масле, консервы",28.9,318
Солянка рыбная,1.2,25
Сом,5.1,115
"Сом в томатном соусе, консервы",6.3,126
Сом припущенный,5.4,121
Ставрида  жареная,10.5,190
Ставрида  отварная,4.9,124
Ставрида  припущенная,4.8,122
Ставрида океаническая,4.5,114
Судак,1.1,84
"Судак в томатном соусе, консервы",5.3,119
Судак отварной,1.2,96
Судак припущенный,1.2,89
Судак фаршированный,6.0,144
Теша осетровая холодного копчения,25.7,302
Тиляпия свежая,2.0,96
Треска,0.6,69
Треска  горячего копчения,1.2,115
Треска жареная,5.1,123
Треска запеченная,3.7,90
"Треска копченая в масле, консервы",23.0,290
Треска отварная,0.8,79
Треска припущенная,0.8,75
Треска соленая,0.6,98
Треска тушеная,5.1,101
Тунец,4.6,139
"Тунец в масле, консервы",15.9,232
"Тунец натуральный, консервы",0.7,96
Тунец свежий,5.0,144
Угорь,30.5,333
Угорь свежий,12.0,184
Улитки свежие,1.0,90
Устрица,2.0,72
Форель горячего копчения,11.8,264
Форель морская свежая,7.0,148
Форель речная свежая,5.0,138
Фрикадельки из минтая,1.9,95
Хек,2.2,86
Хек  припущенный,2.4,91
Чавыча,8.0,148
Шницель рыбный из окуня,12.5,215
"Шпроты в масле, консервы",32.4,363
Щука,1.1,84
"Щука в томатном соусе, консервы",4.0,110
Щука отварная,1.3,98
Щука припущенная,1.2,90
Щука фаршированная,6.0,141
Абрикосы,0.1,44
Абрикосы сушеные  без косточки (курага),0.3,232
Абрикосы сушеные  с косточкой (урюк),0.4,242
Айва,0.5,48
Алыча,0.1,34
Ананас,0.2,52
Ананас сушеный,0.6,255
Апельсин,0.2,43
Апельсин с сахаром,0.2,122
Банан,0.5,96
Варенье из  мандаринов,0.2,294
Варенье из айвы,0.2,273
Варенье из груши,0.2,273
Варенье из персиков,0.0,258
Варенье из рябины  черноплодной,0.0,387
Варенье из сливы,0.3,288
Варенье из яблок,0.3,265
Вишня,0.2,52
Вишня с сахаром,0.4,97
Гранат,0.6,72
Грейпфрут,0.2,35
Грейпфрут с сахаром,0.2,120
Груша,0.3,47
Груша сушеная,0.6,270
Джем из абрикосов,0.0,276
Джем мандариновый,0.0,276
Изюм,0.0,299
Инжир,0.2,54
Инжир сушеный,0.8,257
Карамбола,0.0,31
Киви,0.4,47
Киви подварка,0.2,243
Киви пюре,0.4,47
Кумкват,0.0,71
Лаймы,0.0,30
Лимон,0.1,34
Лимон с сахаром,0.1,169
Манго,0.0,65
Мангостин консервированный в сиропе,1.0,73
Мандарин,0.2,38
Нектарины,0.0,63
Папайя,0.0,39
Персик,0.1,45
Персик сушеный,0.4,254
Повидло яблочное,0.0,250
Помело,0.0,33
Пюре яблочное,0.2,82
Рамбутан консервированный в сиропе,0.0,82
Рябина садовая красная,0.2,50
Рябина черноплодная,0.2,55
Слива (садовая),0.3,49
Слива сушеная (чернослив),0.7,256
Слива черная,0.0,46
Суп из свежих  фруктов,0.1,50
Терн,0.3,54
Фейхоа,1.0,49
Финики,0.5,292
Хурма,0.4,67
Черешня,0.4,52
Чернослив  со взбитыми  сливками,12.6,281
Яблоки,0.4,47
Яблоки сушеные,0.1,253
Арбуз,0.1,27
Брусника,0.5,46
Варенье из клубники,0.1,285
Варенье из малины,0.2,273
Виноград,0.6,72
Виноград сушеный  (кишмиш),0.5,281
Голубика,0.5,39
Джем  черносмородиновый,0.1,284
Дыня,0.3,35
Ежевика,0.5,34
Земляника (садовая),0.4,41
Клубника,0.3,32
Клюква,0.2,28
Крыжовник,0.2,45
Малина,0.5,46
Малина с молоком,1.8,76
Морошка,0.9,40
Облепиха,5.4,82
Смородина белая,0.2,42
Смородина красная,0.2,43
Смородина черная,0.4,44
Суп-пюре из малины,0.1,48
Тыква,0.1,23
Черника,0.6,44
Шиповник,0.7,109
Шиповник сухой,1.4,284
Белок,0.0,48
Белок сухой,1.8,350
Желток,31.2,354
Желток сухой,52.2,612
Меланж,11.5,157
Омлет  из яичного порошка,17.0,200
Перепелиное яйцо целое,13.1,168
Салат яичный,18.8,213
Яичница глазунья,20.9,243
Яичный порошок,37.3,542
Яйцо отварное,11.5,157
Яйцо под майонезом,24.5,256
Яйцо целое,11.5,157
